EUI,VIN
E8E1E10001086B34,1C4RJFBG4HC889073
E8E1E10001086CDC,3N1CN7AP2JL806609
E8E1E10001086059,1G1YS2D66F5609167
E8E1E10001086AA8,WDDNG71X87A036518
E8E1E10001085C49,1FTMF1EB3JFB20082
E8E1E10001086BC7,WBXHT3C35J5K29508
E8E1E10001085965,4S3BNAK6XJ3031449
E8E1E1000105013E,1C4HJXFN2KW601745
E8E1E100010858FE,1C4JJXR62MW643163
E8E1E100010866D0,1C4RJFBG2MC735391
E8E1E10001085DF6,1FM5K8D87GGB32412
E8E1E1000104FD8D,2C4RC1BG6GR298312
E8E1E10001085CEA,3C6LRVCG6ME548789
E8E1E1000108653A,3C6LRVDGXME548163
E8E1E10001086057,3C6UR5DL6HG652645
E8E1E1000104D01C,DACCCJABT0FPB60615
E8E1E100010864EC,1C6HJTAG2ML589125
E8E1E10001086196,3C7WR9CL3MG670866
E8E1E1000104D108,3GTU9EET1MG100102
E8E1E1000104D7B6,3B7HU18N82G101542
E8E1E10001085B71,1FAHP2EW4CG108355
E8E1E10001086616,1C6SRFU92MN741566
E8E1E10001085E7A,3C63R2HL4MG577166
E8E1E10001085B4A,1GCSKSE33AZ283699
E8E1E10001086ACD,1N6BA0EC1FN511671
E8E1E10001087239,1FTFW1EVXAFB61280
E8E1E10001085E28,1GC0CUEG5FZ533891
E8E1E10001086A40,JTHBK1GG3D2043056
E8E1E100010873E7,2C3CCAAG1HH588024
E8E1E1000104E2D6,5UXWX9C59H0T05511
E8E1E100010860E0,1FM5K8GT7HGD94366
E8E1E10001086BD5,1C6RR6LG3ES287815
E8E1E100010850D7,2GNFLNEK7D6283140
E8E1E10001086C62,3C6RR6LT1HG632865
E8E1E10001087026,1C4BJWDG7EL194368
E8E1E1000104CACB,2C3CDXCTXKH655902
E8E1E10001085DD7,3C6UR5DL5EG203789
E8E1E10001086141,1FTEW1EG5FFB71283
E8E1E10001086138,JTERU5JR8M5898485
E8E1E10001085CBE,1ZVBP8CFXB5127523
E8E1E10001086E0A,JHLRE38358C020525
E8E1E10001086E47,1C3CCCAB2FN526751
E8E1E10001085498,2FMGK5C89FBA19530
E8E1E10001086809,3C63RRGJ0KG542050
E8E1E100010864D5,1GKS2HKJ6GR204271